{"cameraMode":{"drawMode":0,"name":"Shaded","section":"Shading Mode"},"sceneLighting":true,"audioPlay":false,"sceneViewState":{"showFog":true,"showMaterialUpdate":false,"showSkybox":false,"showFlares":true,"showImageEffects":true,"showParticleSystems":true},"in2DMode":false,"pivot":{"x":145.31991577148438,"y":49.099998474121097,"z":263.52630615234377},"rotation":{"x":0.10328587889671326,"y":-0.8643079400062561,"z":0.19810040295124055,"w":0.4506354331970215},"size":136.8645782470703,"orthographic":false}