{"cameraMode":{"drawMode":0,"name":"Shaded","section":"Shading Mode"},"sceneLighting":false,"audioPlay":false,"sceneViewState":{"showFog":true,"showMaterialUpdate":false,"showSkybox":false,"showFlares":true,"showImageEffects":true,"showParticleSystems":true},"in2DMode":false,"pivot":{"x":249.39999389648438,"y":82.19999694824219,"z":263.5},"rotation":{"x":0.18605034053325654,"y":-0.08310657739639282,"z":0.01577521674335003,"w":0.9789497256278992},"size":2.000553607940674,"orthographic":false}