{"cameraMode":{"drawMode":0,"name":"Shaded","section":"Shading Mode"},"sceneLighting":false,"audioPlay":false,"sceneViewState":{"showFog":true,"showMaterialUpdate":false,"showSkybox":false,"showFlares":true,"showImageEffects":true,"showParticleSystems":true},"in2DMode":false,"pivot":{"x":-0.03940844535827637,"y":-0.0014432668685913087,"z":-0.039726853370666507},"rotation":{"x":-0.07059096544981003,"y":-0.5921686291694641,"z":0.05218485742807388,"w":-0.8010278344154358},"size":5.708752632141113,"orthographic":false}