{"cameraMode":{"drawMode":0,"name":"Shaded","section":"Shading Mode"},"sceneLighting":false,"audioPlay":false,"sceneViewState":{"showFog":true,"showMaterialUpdate":false,"showSkybox":false,"showFlares":true,"showImageEffects":true,"showParticleSystems":true},"in2DMode":false,"pivot":{"x":0.5131181478500366,"y":-0.7304562926292419,"z":7.343670845031738},"rotation":{"x":-0.16607992351055146,"y":0.49615973234176638,"z":-0.09756506234407425,"w":-0.8467084169387817},"size":11.897746086120606,"orthographic":false}