{"cameraMode":{"drawMode":0,"name":"Shaded","section":"Shading Mode"},"sceneLighting":false,"audioPlay":false,"sceneViewState":{"showFog":true,"showMaterialUpdate":false,"showSkybox":false,"showFlares":true,"showImageEffects":true,"showParticleSystems":true},"in2DMode":false,"pivot":{"x":-7.142856597900391,"y":-9.100000381469727,"z":73.19999694824219},"rotation":{"x":-0.18086805939674378,"y":-0.49837973713874819,"z":0.1071704551577568,"w":-0.8411126136779785},"size":30.90863800048828,"orthographic":false}