{"cameraMode":{"drawMode":0,"name":"Shaded","section":"Shading Mode"},"sceneLighting":false,"audioPlay":false,"sceneViewState":{"showFog":true,"showMaterialUpdate":false,"showSkybox":false,"showFlares":true,"showImageEffects":true,"showParticleSystems":true},"in2DMode":false,"pivot":{"x":2.0756027698516847,"y":0.014679253101348877,"z":-0.04666012525558472},"rotation":{"x":-0.07059096544981003,"y":-0.5921686291694641,"z":0.05218485742807388,"w":-0.8010278344154358},"size":4.23408842086792,"orthographic":false}