{"cameraMode":{"drawMode":0,"name":"Shaded","section":"Shading Mode"},"sceneLighting":false,"audioPlay":false,"sceneViewState":{"showFog":true,"showMaterialUpdate":false,"showSkybox":true,"showFlares":true,"showImageEffects":true,"showParticleSystems":true},"in2DMode":false,"pivot":{"x":-8.282981872558594,"y":-3.2184500694274904,"z":435.66326904296877},"rotation":{"x":-0.046855565160512927,"y":0.8942387104034424,"z":-0.09641090035438538,"w":-0.43460479378700259},"size":54.268489837646487,"orthographic":false}