{"cameraMode":{"drawMode":0,"name":"Shaded","section":"Shading Mode"},"sceneLighting":true,"audioPlay":false,"sceneViewState":{"showFog":true,"showMaterialUpdate":false,"showSkybox":false,"showFlares":true,"showImageEffects":true,"showParticleSystems":true},"in2DMode":false,"pivot":{"x":3.4166154861450197,"y":2.5794639587402345,"z":-72.40583801269531},"rotation":{"x":0.11378263682126999,"y":0.06966641545295716,"z":-0.007989059202373028,"w":0.9910474419593811},"size":22.79413604736328,"orthographic":false}