{"cameraMode":{"drawMode":0,"name":"Shaded","section":"Shading Mode"},"sceneLighting":true,"audioPlay":false,"sceneViewState":{"showFog":true,"showMaterialUpdate":false,"showSkybox":false,"showFlares":true,"showImageEffects":true,"showParticleSystems":true},"in2DMode":false,"pivot":{"x":249.39999389648438,"y":82.19999694824219,"z":263.5},"rotation":{"x":0.0472019799053669,"y":0.9399412870407105,"z":-0.14523626863956452,"w":0.30535849928855898},"size":5.993080139160156,"orthographic":false}