{"cameraMode":{"drawMode":0,"name":"Shaded","section":"Shading Mode"},"sceneLighting":true,"audioPlay":false,"sceneViewState":{"showFog":true,"showMaterialUpdate":false,"showSkybox":true,"showFlares":true,"showImageEffects":true,"showParticleSystems":true},"in2DMode":false,"pivot":{"x":-0.0011010952293872834,"y":6.033852577209473,"z":28.993356704711915},"rotation":{"x":0.07235126942396164,"y":-0.7019734978675842,"z":0.07209020853042603,"w":0.7049012184143066},"size":0.1522095799446106,"orthographic":false}